activity,mae,mae_sd_across_folds,mae_worst_fold,mape,method,n_folds,n_windows,rmse
sitting,2.817,1.93,7.528,4.512,b2-zp,15,4569,6.396
stairs,38.167,17.358,70.03,31.627,b2-zp,15,3239,48.069
table soccer,33.271,18.402,79.581,34.854,b2-zp,15,2310,38.695
cycling,29.747,23.865,93.521,23.401,b2-zp,15,3473,42.825
driving,13.424,10.525,47.487,15.27,b2-zp,15,6843,20.99
lunch,14.259,8.287,35.295,16.426,b2-zp,14,13554,22.014
walking,29.606,15.952,59.064,28.568,b2-zp,14,4697,36.497
working,8.622,7.091,28.734,10.321,b2-zp,14,8497,15.673
POOLED (incl. transient),18.976,9.404,45.874,19.162,b2-zp,15,64697,29.726
POOLED (excl. transient),17.348,8.632,42.299,17.592,b2-zp,15,47182,28.654
sitting,2.586,1.396,6.468,4.217,+mask+tracker(hist=15),15,4569,4.705
stairs,54.918,17.768,103.198,45.15,+mask+tracker(hist=15),15,3239,57.829
table soccer,27.419,23.202,77.919,27.765,+mask+tracker(hist=15),15,2310,29.657
cycling,36.572,25.87,95.586,29.288,+mask+tracker(hist=15),15,3473,41.419
driving,5.57,2.851,13.798,6.795,+mask+tracker(hist=15),15,6843,7.984
lunch,5.238,1.42,7.123,6.424,+mask+tracker(hist=15),14,13554,7.678
walking,24.747,15.5,48.729,23.393,+mask+tracker(hist=15),14,4697,27.044
working,4.656,2.512,11.608,5.665,+mask+tracker(hist=15),14,8497,7.864
POOLED (incl. transient),14.704,5.33,27.797,14.325,+mask+tracker(hist=15),15,64697,24.227
POOLED (excl. transient),13.748,4.588,24.209,13.159,+mask+tracker(hist=15),15,47182,24.201
sitting,1.922,1.124,4.761,3.165,+mask+viterbi-fixedlag,15,4569,3.618
stairs,32.148,21.957,73.909,27.114,+mask+viterbi-fixedlag,15,3239,38.897
table soccer,28.289,19.965,81.216,29.413,+mask+viterbi-fixedlag,15,2310,32.797
cycling,22.569,25.961,85.87,17.459,+mask+viterbi-fixedlag,15,3473,31.344
driving,8.586,6.937,29.208,9.953,+mask+viterbi-fixedlag,15,6843,13.348
lunch,8.953,5.256,21.658,10.361,+mask+viterbi-fixedlag,14,13554,15.025
walking,27.406,20.571,67.551,25.587,+mask+viterbi-fixedlag,14,4697,34.054
working,5.123,4.765,18.335,6.17,+mask+viterbi-fixedlag,14,8497,9.409
POOLED (incl. transient),14.108,8.067,36.364,14.017,+mask+viterbi-fixedlag,15,64697,24.285
POOLED (excl. transient),12.943,6.904,30.661,12.868,+mask+viterbi-fixedlag,15,47182,23.643
sitting,2.193,1.375,5.117,3.688,+mask+viterbi-full,15,4569,4.365
stairs,29.829,20.752,73.835,25.218,+mask+viterbi-full,15,3239,36.764
table soccer,27.385,19.287,79.985,28.542,+mask+viterbi-full,15,2310,31.641
cycling,19.01,24.504,81.248,14.662,+mask+viterbi-full,15,3473,26.341
driving,8.352,6.913,27.903,9.735,+mask+viterbi-full,15,6843,12.435
lunch,7.815,4.155,16.231,9.226,+mask+viterbi-full,14,13554,12.997
walking,26.495,20.87,66.993,24.51,+mask+viterbi-full,14,4697,31.702
working,4.948,4.146,15.683,6.056,+mask+viterbi-full,14,8497,9.17
POOLED (incl. transient),12.971,7.545,35.059,13.018,+mask+viterbi-full,15,64697,22.456
POOLED (excl. transient),11.839,6.144,28.822,11.937,+mask+viterbi-full,15,47182,21.897
