mae,mape,method,subject
12.253,15.184,b2-zp,S1
14.288,15.975,b2-zp,S2
18.51,19.49,b2-zp,S3
21.349,23.181,b2-zp,S4
45.874,34.653,b2-zp,S5
26.616,21.273,b2-zp,S6
8.746,9.485,b2-zp,S7
16.844,21.832,b2-zp,S8
26.046,27.705,b2-zp,S9
14.514,14.639,b2-zp,S10
26.182,22.883,b2-zp,S11
14.842,19.219,b2-zp,S12
8.98,9.333,b2-zp,S13
15.211,16.421,b2-zp,S14
14.38,16.155,b2-zp,S15
12.613,14.736,+mask+tracker(hist=15),S1
13.295,14.289,+mask+tracker(hist=15),S2
12.993,13.775,+mask+tracker(hist=15),S3
13.913,14.649,+mask+tracker(hist=15),S4
27.797,19.437,+mask+tracker(hist=15),S5
20.209,15.769,+mask+tracker(hist=15),S6
10.339,10.621,+mask+tracker(hist=15),S7
11.42,14.061,+mask+tracker(hist=15),S8
18.613,18.322,+mask+tracker(hist=15),S9
8.366,7.853,+mask+tracker(hist=15),S10
22.822,19.349,+mask+tracker(hist=15),S11
14.09,17.374,+mask+tracker(hist=15),S12
10.677,10.48,+mask+tracker(hist=15),S13
12.086,12.374,+mask+tracker(hist=15),S14
11.327,11.784,+mask+tracker(hist=15),S15
8.215,10.065,+mask+viterbi-fixedlag,S1
9.472,10.382,+mask+viterbi-fixedlag,S2
10.892,11.596,+mask+viterbi-fixedlag,S3
18.479,19.67,+mask+viterbi-fixedlag,S4
36.364,27.028,+mask+viterbi-fixedlag,S5
18.807,14.771,+mask+viterbi-fixedlag,S6
4.37,4.907,+mask+viterbi-fixedlag,S7
12.54,16.184,+mask+viterbi-fixedlag,S8
21.324,22.201,+mask+viterbi-fixedlag,S9
10.06,9.591,+mask+viterbi-fixedlag,S10
21.141,18.149,+mask+viterbi-fixedlag,S11
12.496,16.311,+mask+viterbi-fixedlag,S12
5.959,6.318,+mask+viterbi-fixedlag,S13
9.967,10.771,+mask+viterbi-fixedlag,S14
11.531,12.307,+mask+viterbi-fixedlag,S15
8.314,10.263,+mask+viterbi-full,S1
8.894,9.876,+mask+viterbi-full,S2
7.844,8.599,+mask+viterbi-full,S3
17.635,18.698,+mask+viterbi-full,S4
35.059,25.812,+mask+viterbi-full,S5
14.201,11.469,+mask+viterbi-full,S6
5.16,5.708,+mask+viterbi-full,S7
11.564,15.106,+mask+viterbi-full,S8
19.982,21.031,+mask+viterbi-full,S9
8.889,8.379,+mask+viterbi-full,S10
18.402,15.992,+mask+viterbi-full,S11
12.065,16.08,+mask+viterbi-full,S12
6.309,6.686,+mask+viterbi-full,S13
9.246,9.824,+mask+viterbi-full,S14
10.995,11.742,+mask+viterbi-full,S15
